Item Key,Item Code / SKU,Item Name,Supplier ID,Supplier Name,Updated At
10397 HG(0.5X22 MM),10397 HG(0.5X22 MM),10397 HG(0.5X22 MM),SUP-0001,RAHMA Associates,2026-06-28 10:25:04
10398 HG(0.5X22MM),10398 HG(0.5X22MM),10398 HG(0.5X22MM),SUP-0001,RAHMA Associates,2026-06-28 10:25:04
10659 (0.45X40MM),10659 (0.45X40MM),10659 (0.45X40MM),SUP-0001,RAHMA Associates,2026-06-28 10:25:04
1126 HG(0.5X40),1126 HG(0.5X40),1126 HG(0.5X40),SUP-0001,RAHMA Associates,2026-06-28 10:25:04
1126 MT 0.5 X22,1126 MT 0.5 X22,1126 MT 0.5 X22,SUP-0001,RAHMA Associates,2026-06-28 10:25:04
1131 0.5X40MM,1131 0.5X40MM,1131 0.5X40MM,SUP-0001,RAHMA Associates,2026-06-28 10:25:04
1135 HG 0.5X40MM,1135 HG 0.5X40MM,1135 HG 0.5X40MM,SUP-0001,RAHMA Associates,2026-06-28 10:25:04
1135 HG 0.8 X 22 MM,1135 HG 0.8 X 22 MM,1135 HG 0.8 X 22 MM,SUP-0001,RAHMA Associates,2026-06-28 10:25:04
1140 HG (BAGE),1140 HG (BAGE),1140 HG (BAGE),SUP-0001,RAHMA Associates,2026-06-28 10:25:04
11510 (0.45X40MM),11510 (0.45X40MM),11510 (0.45X40MM),SUP-0001,RAHMA Associates,2026-06-28 10:25:04
1261 HG (0.5 X 40 MM),1261 HG (0.5 X 40 MM),1261 HG (0.5 X 40 MM),SUP-0001,RAHMA Associates,2026-06-28 10:25:04
1261MT 2MMX22MM,1261MT 2MMX22MM,1261MT 2MMX22MM,SUP-0001,RAHMA Associates,2026-06-28 10:25:04
1264 MT 0.5 X 22,1264 MT 0.5 X 22,1264 MT 0.5 X 22,SUP-0001,RAHMA Associates,2026-06-28 10:25:04
1267 HG(0.5X22MM),1267 HG(0.5X22MM),1267 HG(0.5X22MM),SUP-0001,RAHMA Associates,2026-06-28 10:25:04
19070 MT(0.8MMX40MM),19070 MT(0.8MMX40MM),19070 MT(0.8MMX40MM),SUP-0001,RAHMA Associates,2026-06-28 10:25:04
19991 HG (0.5 X 22 MM),19991 HG (0.5 X 22 MM),19991 HG (0.5 X 22 MM),SUP-0001,RAHMA Associates,2026-06-28 10:25:04
19992 HG(0.5X22 MM),19992 HG(0.5X22 MM),19992 HG(0.5X22 MM),SUP-0001,RAHMA Associates,2026-06-28 10:25:04
19992 MT 0.5 X 22,19992 MT 0.5 X 22,19992 MT 0.5 X 22,SUP-0001,RAHMA Associates,2026-06-28 10:25:04
19993 HG(0.5X22 MM),19993 HG(0.5X22 MM),19993 HG(0.5X22 MM),SUP-0001,RAHMA Associates,2026-06-28 10:25:04
19994 HG(0.5X22MM),19994 HG(0.5X22MM),19994 HG(0.5X22MM),SUP-0001,RAHMA Associates,2026-06-28 10:25:04
19995 HG(0.5X22MM),19995 HG(0.5X22MM),19995 HG(0.5X22MM),SUP-0001,RAHMA Associates,2026-06-28 10:25:04
19996 HG(0.5X22 MM),19996 HG(0.5X22 MM),19996 HG(0.5X22 MM),SUP-0001,RAHMA Associates,2026-06-28 10:25:04
2891 0.5X40MM,2891 0.5X40MM,2891 0.5X40MM,SUP-0001,RAHMA Associates,2026-06-28 10:25:04
2892 ( 0.5 X 40 MM ),2892 ( 0.5 X 40 MM ),2892 ( 0.5 X 40 MM ),SUP-0001,RAHMA Associates,2026-06-28 10:25:04
5465 (0.5X40MM),5465 (0.5X40MM),5465 (0.5X40MM),SUP-0001,RAHMA Associates,2026-06-28 10:25:04
7611 (0.45 X 22 MM),7611 (0.45 X 22 MM),7611 (0.45 X 22 MM),SUP-0001,RAHMA Associates,2026-06-28 10:25:04
REALWOOD 1 (0.45X22),REALWOOD 1 (0.45X22),REALWOOD 1 (0.45X22),SUP-0001,RAHMA Associates,2026-06-28 10:25:04
REALWOOD2 (0.5 X 40 MM),REALWOOD2 (0.5 X 40 MM),REALWOOD2 (0.5 X 40 MM),SUP-0001,RAHMA Associates,2026-06-28 10:25:04
VAY BAND 1003 (0.5 MM),VAY BAND 1003 (0.5 MM),VAY BAND 1003 (0.5 MM),SUP-0001,RAHMA Associates,2026-06-28 10:25:04
VAY BAND 1011HG(P-WHITE),VAY BAND 1011HG(P-WHITE),VAY BAND 1011HG(P-WHITE),SUP-0001,RAHMA Associates,2026-06-28 10:25:04
VAY BAND 1011HG(P-WHITE) 40MMX50MTR,VAY BAND 1011HG(P-WHITE) 40MMX50MTR,VAY BAND 1011HG(P-WHITE) 40MMX50MTR,SUP-0001,RAHMA Associates,2026-06-28 10:25:04
VAY BAND 1011MT(P-WHITE),VAY BAND 1011MT(P-WHITE),VAY BAND 1011MT(P-WHITE),SUP-0001,RAHMA Associates,2026-06-28 10:25:04
VAY BAND 1011MT(P-WHITE) 40MMX50MTR,VAY BAND 1011MT(P-WHITE) 40MMX50MTR,VAY BAND 1011MT(P-WHITE) 40MMX50MTR,SUP-0001,RAHMA Associates,2026-06-28 10:25:04
VAY BAND 1013,VAY BAND 1013,VAY BAND 1013,SUP-0001,RAHMA Associates,2026-06-28 10:25:04
VAY BAND 1013 0.8MMX22MM,VAY BAND 1013 0.8MMX22MM,VAY BAND 1013 0.8MMX22MM,SUP-0001,RAHMA Associates,2026-06-28 10:25:04
VAY BAND 1013 40 MM,VAY BAND 1013 40 MM,VAY BAND 1013 40 MM,SUP-0001,RAHMA Associates,2026-06-28 10:25:04
VAY BAND 1014 SPECIAL WHITE,VAY BAND 1014 SPECIAL WHITE,VAY BAND 1014 SPECIAL WHITE,SUP-0001,RAHMA Associates,2026-06-28 10:25:04
VAY BAND 1033MT 0.5X22MM,VAY BAND 1033MT 0.5X22MM,VAY BAND 1033MT 0.5X22MM,SUP-0001,RAHMA Associates,2026-06-28 10:25:04
VAY BAND 1043 (0.5 MM),VAY BAND 1043 (0.5 MM),VAY BAND 1043 (0.5 MM),SUP-0001,RAHMA Associates,2026-06-28 10:25:04
VAY BAND 10450,VAY BAND 10450,VAY BAND 10450,SUP-0001,RAHMA Associates,2026-06-28 10:25:04
VAY BAND 10485,VAY BAND 10485,VAY BAND 10485,SUP-0001,RAHMA Associates,2026-06-28 10:25:04
VAY BAND 10485 40MM,VAY BAND 10485 40MM,VAY BAND 10485 40MM,SUP-0001,RAHMA Associates,2026-06-28 10:25:04
VAY BAND 10659,VAY BAND 10659,VAY BAND 10659,SUP-0001,RAHMA Associates,2026-06-28 10:25:04
VAY BAND 10659 0.5X22MM,VAY BAND 10659 0.5X22MM,VAY BAND 10659 0.5X22MM,SUP-0001,RAHMA Associates,2026-06-29 15:55:18
VAY BAND 10659 0.8MMX22MM,VAY BAND 10659 0.8MMX22MM,VAY BAND 10659 0.8MMX22MM,SUP-0001,RAHMA Associates,2026-06-28 10:25:04
VAY BAND 10659 2MMX22MM,VAY BAND 10659 2MMX22MM,VAY BAND 10659 2MMX22MM,SUP-0001,RAHMA Associates,2026-06-28 10:25:04
VAY BAND 10659 2MMX40MM,VAY BAND 10659 2MMX40MM,VAY BAND 10659 2MMX40MM,SUP-0001,RAHMA Associates,2026-06-28 10:25:04
VAY BAND 10659 40MM,VAY BAND 10659 40MM,VAY BAND 10659 40MM,SUP-0001,RAHMA Associates,2026-06-28 10:25:04
VAY BAND 10944,VAY BAND 10944,VAY BAND 10944,SUP-0001,RAHMA Associates,2026-06-28 10:25:04
VAY BAND 1101HG LIGHT GREY,VAY BAND 1101HG LIGHT GREY,VAY BAND 1101HG LIGHT GREY,SUP-0001,RAHMA Associates,2026-06-28 10:25:04
VAY BAND 1113HG (0.8MM),VAY BAND 1113HG (0.8MM),VAY BAND 1113HG (0.8MM),SUP-0001,RAHMA Associates,2026-06-28 10:25:04
VAY BAND 1113HG(OFF-WHITE),VAY BAND 1113HG(OFF-WHITE),VAY BAND 1113HG(OFF-WHITE),SUP-0001,RAHMA Associates,2026-06-28 10:25:04
VAY BAND 1113HG(OFF-WHITE)40MMX50MTR,VAY BAND 1113HG(OFF-WHITE)40MMX50MTR,VAY BAND 1113HG(OFF-WHITE)40MMX50MTR,SUP-0001,RAHMA Associates,2026-06-28 10:25:04
VAY BAND 1113MT (0.8MM),VAY BAND 1113MT (0.8MM),VAY BAND 1113MT (0.8MM),SUP-0001,RAHMA Associates,2026-06-28 10:25:04
VAY BAND 1113MT (0.8MMX40MM),VAY BAND 1113MT (0.8MMX40MM),VAY BAND 1113MT (0.8MMX40MM),SUP-0001,RAHMA Associates,2026-06-28 10:25:04
VAY BAND 1113MT(OFF-WHITE),VAY BAND 1113MT(OFF-WHITE),VAY BAND 1113MT(OFF-WHITE),SUP-0001,RAHMA Associates,2026-06-28 10:25:04
VAY BAND 1113MT(OFF-WHITE) 40MMX50MTR,VAY BAND 1113MT(OFF-WHITE) 40MMX50MTR,VAY BAND 1113MT(OFF-WHITE) 40MMX50MTR,SUP-0001,RAHMA Associates,2026-06-28 10:25:04
VAY BAND 1113MT(OFF-WHITE)-0.5X40MM,VAY BAND 1113MT(OFF-WHITE)-0.5X40MM,VAY BAND 1113MT(OFF-WHITE)-0.5X40MM,SUP-0001,RAHMA Associates,2026-06-28 10:25:04
VAY BAND 1113MT(OFF-WHITE)-200 MTR,VAY BAND 1113MT(OFF-WHITE)-200 MTR,VAY BAND 1113MT(OFF-WHITE)-200 MTR,SUP-0001,RAHMA Associates,2026-06-28 10:25:04
VAY BAND 1114 HG2MMX22MM,VAY BAND 1114 HG2MMX22MM,VAY BAND 1114 HG2MMX22MM,SUP-0001,RAHMA Associates,2026-06-28 10:25:04
VAY BAND 1114GL 0.5MMX40MM,VAY BAND 1114GL 0.5MMX40MM,VAY BAND 1114GL 0.5MMX40MM,SUP-0001,RAHMA Associates,2026-06-28 10:25:04
VAY BAND 1114GL 0.8MMX22MM,VAY BAND 1114GL 0.8MMX22MM,VAY BAND 1114GL 0.8MMX22MM,SUP-0001,RAHMA Associates,2026-06-28 10:25:04
VAY BAND 1114MT,VAY BAND 1114MT,VAY BAND 1114MT,SUP-0001,RAHMA Associates,2026-06-28 10:25:04
VAY BAND 1114MT 0.5MMX40MM,VAY BAND 1114MT 0.5MMX40MM,VAY BAND 1114MT 0.5MMX40MM,SUP-0001,RAHMA Associates,2026-06-28 10:25:04
VAY BAND 1114MT 0.8MMX22MM,VAY BAND 1114MT 0.8MMX22MM,VAY BAND 1114MT 0.8MMX22MM,SUP-0001,RAHMA Associates,2026-06-28 10:25:04
VAY BAND 1114MT 2MMX22MM,VAY BAND 1114MT 2MMX22MM,VAY BAND 1114MT 2MMX22MM,SUP-0001,RAHMA Associates,2026-06-28 10:25:04
VAY BAND 1126 HG (.5),VAY BAND 1126 HG (.5),VAY BAND 1126 HG (.5),SUP-0001,RAHMA Associates,2026-06-28 10:25:04
VAY BAND 1126 MT .45X22MM,VAY BAND 1126 MT .45X22MM,VAY BAND 1126 MT .45X22MM,SUP-0001,RAHMA Associates,2026-06-28 10:25:04
VAY BAND 1127 HG (.5),VAY BAND 1127 HG (.5),VAY BAND 1127 HG (.5),SUP-0001,RAHMA Associates,2026-06-28 10:25:04
VAY BAND 1128 HG(.5),VAY BAND 1128 HG(.5),VAY BAND 1128 HG(.5),SUP-0001,RAHMA Associates,2026-06-28 10:25:04
VAY BAND 1132 0.5X22MM,VAY BAND 1132 0.5X22MM,VAY BAND 1132 0.5X22MM,SUP-0001,RAHMA Associates,2026-06-28 10:25:04
VAY BAND 1133MT0.5X22MM,VAY BAND 1133MT0.5X22MM,VAY BAND 1133MT0.5X22MM,SUP-0001,RAHMA Associates,2026-06-28 10:25:04
VAY BAND 1140 HG DARK GREY 3,VAY BAND 1140 HG DARK GREY 3,VAY BAND 1140 HG DARK GREY 3,SUP-0001,RAHMA Associates,2026-06-28 10:25:04
VAY BAND 11510,VAY BAND 11510,VAY BAND 11510,SUP-0001,RAHMA Associates,2026-06-28 11:55:28
VAY BAND 11510 2MMX22MM,VAY BAND 11510 2MMX22MM,VAY BAND 11510 2MMX22MM,SUP-0001,RAHMA Associates,2026-06-28 10:25:04
VAY BAND 11510 40MM,VAY BAND 11510 40MM,VAY BAND 11510 40MM,SUP-0001,RAHMA Associates,2026-06-28 10:25:04
VAY BAND 11510(0.5X22),VAY BAND 11510(0.5X22),VAY BAND 11510(0.5X22),SUP-0001,RAHMA Associates,2026-06-28 11:59:01
VAY BAND 11510MT 0.8MMX22MM,VAY BAND 11510MT 0.8MMX22MM,VAY BAND 11510MT 0.8MMX22MM,SUP-0001,RAHMA Associates,2026-06-28 10:25:04
VAY BAND 1261 HG 1.3MMX22MM,VAY BAND 1261 HG 1.3MMX22MM,VAY BAND 1261 HG 1.3MMX22MM,SUP-0001,RAHMA Associates,2026-06-28 10:25:04
VAY BAND 1261 HG(0.8MM),VAY BAND 1261 HG(0.8MM),VAY BAND 1261 HG(0.8MM),SUP-0001,RAHMA Associates,2026-06-28 10:25:04
VAY BAND 1261 MAT (0.8MM),VAY BAND 1261 MAT (0.8MM),VAY BAND 1261 MAT (0.8MM),SUP-0001,RAHMA Associates,2026-06-28 10:25:04
VAY BAND 1261 MAT 1.3MMX22MM,VAY BAND 1261 MAT 1.3MMX22MM,VAY BAND 1261 MAT 1.3MMX22MM,SUP-0001,RAHMA Associates,2026-06-28 10:25:04
VAY BAND 1261HG (DARK GREY),VAY BAND 1261HG (DARK GREY),VAY BAND 1261HG (DARK GREY),SUP-0001,RAHMA Associates,2026-06-28 10:25:04
VAY BAND 1261MATT (DARK GREY),VAY BAND 1261MATT (DARK GREY),VAY BAND 1261MATT (DARK GREY),SUP-0001,RAHMA Associates,2026-06-28 10:25:04
VAY BAND 1262 HG,VAY BAND 1262 HG,VAY BAND 1262 HG,SUP-0001,RAHMA Associates,2026-06-28 10:25:04
VAY BAND 1262 HG(0.5X22),VAY BAND 1262 HG(0.5X22),VAY BAND 1262 HG(0.5X22),SUP-0001,RAHMA Associates,2026-06-28 10:25:04
VAY BAND 1264 HG (0.5X22MM) DARK GREY,VAY BAND 1264 HG (0.5X22MM) DARK GREY,VAY BAND 1264 HG (0.5X22MM) DARK GREY,SUP-0001,RAHMA Associates,2026-06-28 10:25:04
VAY BAND 1267 LITE GREY,VAY BAND 1267 LITE GREY,VAY BAND 1267 LITE GREY,SUP-0001,RAHMA Associates,2026-06-28 10:25:04
VAY BAND 1313 HG CLUD GREY,VAY BAND 1313 HG CLUD GREY,VAY BAND 1313 HG CLUD GREY,SUP-0001,RAHMA Associates,2026-06-28 10:25:04
VAY BAND 1313 MT CLUD GREY,VAY BAND 1313 MT CLUD GREY,VAY BAND 1313 MT CLUD GREY,SUP-0001,RAHMA Associates,2026-06-28 10:25:04
VAY BAND 1401 BLACK MATT,VAY BAND 1401 BLACK MATT,VAY BAND 1401 BLACK MATT,SUP-0001,RAHMA Associates,2026-06-28 10:25:04
VAY BAND 1401GL BLACK GLOSSY,VAY BAND 1401GL BLACK GLOSSY,VAY BAND 1401GL BLACK GLOSSY,SUP-0001,RAHMA Associates,2026-06-28 10:25:04
VAY BAND 1401HG 40MMX50MTR,VAY BAND 1401HG 40MMX50MTR,VAY BAND 1401HG 40MMX50MTR,SUP-0001,RAHMA Associates,2026-06-28 10:25:04
VAY BAND 1515 VENGA MT,VAY BAND 1515 VENGA MT,VAY BAND 1515 VENGA MT,SUP-0001,RAHMA Associates,2026-06-28 10:25:04
VAY BAND 1515 VENGA MT (0.45MMX22MM),VAY BAND 1515 VENGA MT (0.45MMX22MM),VAY BAND 1515 VENGA MT (0.45MMX22MM),SUP-0001,RAHMA Associates,2026-06-28 10:25:04
VAY BAND 1735,VAY BAND 1735,VAY BAND 1735,SUP-0001,RAHMA Associates,2026-06-28 10:25:04
VAY BAND 1735 (.45X22MM),VAY BAND 1735 (.45X22MM),VAY BAND 1735 (.45X22MM),SUP-0001,RAHMA Associates,2026-06-28 10:25:04
VAY BAND 1735 40MM,VAY BAND 1735 40MM,VAY BAND 1735 40MM,SUP-0001,RAHMA Associates,2026-06-28 10:25:04
VAY BAND 1873,VAY BAND 1873,VAY BAND 1873,SUP-0001,RAHMA Associates,2026-06-28 10:25:04
VAY BAND 1873 0.5MMX40MM,VAY BAND 1873 0.5MMX40MM,VAY BAND 1873 0.5MMX40MM,SUP-0001,RAHMA Associates,2026-06-28 10:25:04
VAY BAND 1873 0.8MMX22MM,VAY BAND 1873 0.8MMX22MM,VAY BAND 1873 0.8MMX22MM,SUP-0001,RAHMA Associates,2026-06-28 10:25:04
VAY BAND 1873 0.8MMX40MM,VAY BAND 1873 0.8MMX40MM,VAY BAND 1873 0.8MMX40MM,SUP-0001,RAHMA Associates,2026-06-28 10:25:04
VAY BAND 1873 2MMX22MM,VAY BAND 1873 2MMX22MM,VAY BAND 1873 2MMX22MM,SUP-0001,RAHMA Associates,2026-06-28 10:25:04
VAY BAND 1873 2MMX40MM,VAY BAND 1873 2MMX40MM,VAY BAND 1873 2MMX40MM,SUP-0001,RAHMA Associates,2026-06-28 10:25:04
VAY BAND 19070,VAY BAND 19070,VAY BAND 19070,SUP-0001,RAHMA Associates,2026-06-28 10:25:04
VAY BAND 19070 0.5MMX40MM,VAY BAND 19070 0.5MMX40MM,VAY BAND 19070 0.5MMX40MM,SUP-0001,RAHMA Associates,2026-06-28 10:25:04
VAY BAND 19071,VAY BAND 19071,VAY BAND 19071,SUP-0001,RAHMA Associates,2026-06-28 10:25:04
VAY BAND 19074,VAY BAND 19074,VAY BAND 19074,SUP-0001,RAHMA Associates,2026-06-28 10:25:04
VAY BAND 19079,VAY BAND 19079,VAY BAND 19079,SUP-0001,RAHMA Associates,2026-06-28 10:25:04
VAY BAND 2010 IVORY MAT,VAY BAND 2010 IVORY MAT,VAY BAND 2010 IVORY MAT,SUP-0001,RAHMA Associates,2026-06-28 10:25:04
VAY BAND 2011 RED MAT,VAY BAND 2011 RED MAT,VAY BAND 2011 RED MAT,SUP-0001,RAHMA Associates,2026-06-28 10:25:04
VAY BAND 2012 PINK MAT,VAY BAND 2012 PINK MAT,VAY BAND 2012 PINK MAT,SUP-0001,RAHMA Associates,2026-06-28 10:25:04
VAY BAND 30007MT,VAY BAND 30007MT,VAY BAND 30007MT,SUP-0001,RAHMA Associates,2026-06-28 10:25:04
VAY BAND 30007MT(0.5X22),VAY BAND 30007MT(0.5X22),VAY BAND 30007MT(0.5X22),SUP-0001,RAHMA Associates,2026-06-28 10:25:04
VAY BAND 30029MT,VAY BAND 30029MT,VAY BAND 30029MT,SUP-0001,RAHMA Associates,2026-06-28 10:25:04
VAY BAND 30034MT,VAY BAND 30034MT,VAY BAND 30034MT,SUP-0001,RAHMA Associates,2026-06-28 10:25:04
VAY BAND 30054MT,VAY BAND 30054MT,VAY BAND 30054MT,SUP-0001,RAHMA Associates,2026-06-28 10:25:04
VAY BAND 30072MT,VAY BAND 30072MT,VAY BAND 30072MT,SUP-0001,RAHMA Associates,2026-06-28 10:25:04
VAY BAND 30086MT,VAY BAND 30086MT,VAY BAND 30086MT,SUP-0001,RAHMA Associates,2026-06-28 10:25:04
VAY BAND 30167MT,VAY BAND 30167MT,VAY BAND 30167MT,SUP-0001,RAHMA Associates,2026-06-28 10:25:04
VAY BAND 30181MT,VAY BAND 30181MT,VAY BAND 30181MT,SUP-0001,RAHMA Associates,2026-06-28 10:25:04
VAY BAND 30216MT,VAY BAND 30216MT,VAY BAND 30216MT,SUP-0001,RAHMA Associates,2026-06-28 10:25:04
VAY BAND 4013MT,VAY BAND 4013MT,VAY BAND 4013MT,SUP-0001,RAHMA Associates,2026-06-28 10:25:04
VAY BAND 5063MT,VAY BAND 5063MT,VAY BAND 5063MT,SUP-0001,RAHMA Associates,2026-06-28 10:25:04
VAY BAND 5095MT,VAY BAND 5095MT,VAY BAND 5095MT,SUP-0001,RAHMA Associates,2026-06-28 10:25:04
VAY BAND 5170MT,VAY BAND 5170MT,VAY BAND 5170MT,SUP-0001,RAHMA Associates,2026-06-28 10:25:04
VAY BAND 5171(.5X22),VAY BAND 5171(.5X22),VAY BAND 5171(.5X22),SUP-0001,RAHMA Associates,2026-06-28 10:25:04
VAY BAND 5171MT,VAY BAND 5171MT,VAY BAND 5171MT,SUP-0001,RAHMA Associates,2026-06-28 10:25:04
VAY BAND 5373MT,VAY BAND 5373MT,VAY BAND 5373MT,SUP-0001,RAHMA Associates,2026-06-28 10:25:04
VAY BAND 5375MT 0.5MMX22,VAY BAND 5375MT 0.5MMX22,VAY BAND 5375MT 0.5MMX22,SUP-0001,RAHMA Associates,2026-06-28 10:25:04
VAY BAND 5465MT,VAY BAND 5465MT,VAY BAND 5465MT,SUP-0001,RAHMA Associates,2026-06-28 10:25:04
VAY BAND 5550MT,VAY BAND 5550MT,VAY BAND 5550MT,SUP-0001,RAHMA Associates,2026-06-28 10:25:04
VAY BAND 5771,VAY BAND 5771,VAY BAND 5771,SUP-0001,RAHMA Associates,2026-06-28 10:25:04
VAY BAND 5771(0.5X22),VAY BAND 5771(0.5X22),VAY BAND 5771(0.5X22),SUP-0001,RAHMA Associates,2026-06-28 10:25:04
VAY BAND 5772,VAY BAND 5772,VAY BAND 5772,SUP-0001,RAHMA Associates,2026-06-28 10:25:04
VAY BAND 5772(0.5X22),VAY BAND 5772(0.5X22),VAY BAND 5772(0.5X22),SUP-0001,RAHMA Associates,2026-06-28 10:25:04
VAY BAND 5773,VAY BAND 5773,VAY BAND 5773,SUP-0001,RAHMA Associates,2026-06-28 10:25:04
VAY BAND 5773(0.5X22),VAY BAND 5773(0.5X22),VAY BAND 5773(0.5X22),SUP-0001,RAHMA Associates,2026-06-28 10:25:04
VAY BAND 5774,VAY BAND 5774,VAY BAND 5774,SUP-0001,RAHMA Associates,2026-06-28 10:25:04
VAY BAND 5774 (0.5X22),VAY BAND 5774 (0.5X22),VAY BAND 5774 (0.5X22),SUP-0001,RAHMA Associates,2026-06-28 10:25:04
VAY BAND 6987,VAY BAND 6987,VAY BAND 6987,SUP-0001,RAHMA Associates,2026-06-28 10:25:04
VAY BAND 6987 (0.45X22),VAY BAND 6987 (0.45X22),VAY BAND 6987 (0.45X22),SUP-0001,RAHMA Associates,2026-06-28 10:25:04
VAY BAND REALWOOD 2MMX22MM,VAY BAND REALWOOD 2MMX22MM,VAY BAND REALWOOD 2MMX22MM,SUP-0001,RAHMA Associates,2026-06-28 10:25:04
VAY BAND REALWOOD LIGHT MAT,VAY BAND REALWOOD LIGHT MAT,VAY BAND REALWOOD LIGHT MAT,SUP-0001,RAHMA Associates,2026-06-28 10:25:04
VAY BAND REALWOOD LIGHT MAT 0.5X40MM,VAY BAND REALWOOD LIGHT MAT 0.5X40MM,VAY BAND REALWOOD LIGHT MAT 0.5X40MM,SUP-0001,RAHMA Associates,2026-06-28 10:25:04
VAY BAND REALWOOD LIGHT MAT 0.8MMX22MM,VAY BAND REALWOOD LIGHT MAT 0.8MMX22MM,VAY BAND REALWOOD LIGHT MAT 0.8MMX22MM,SUP-0001,RAHMA Associates,2026-06-28 10:25:04
VAY BAND REALWOOD LIGHT MAT 40MMX50MTR,VAY BAND REALWOOD LIGHT MAT 40MMX50MTR,VAY BAND REALWOOD LIGHT MAT 40MMX50MTR,SUP-0001,RAHMA Associates,2026-06-28 10:25:04
VAY BAND REALWOOD-2 DARK MAT,VAY BAND REALWOOD-2 DARK MAT,VAY BAND REALWOOD-2 DARK MAT,SUP-0001,RAHMA Associates,2026-06-28 10:25:04
VAY BAND REALWOOD3 0.5X22MM,VAY BAND REALWOOD3 0.5X22MM,VAY BAND REALWOOD3 0.5X22MM,SUP-0001,RAHMA Associates,2026-06-29 15:54:21
VAY BAND REALWOOD3 2MMX40MM,VAY BAND REALWOOD3 2MMX40MM,VAY BAND REALWOOD3 2MMX40MM,SUP-0001,RAHMA Associates,2026-06-28 10:25:04
VAY BAND REALWUD3 (0.8MMX22MM),VAY BAND REALWUD3 (0.8MMX22MM),VAY BAND REALWUD3 (0.8MMX22MM),SUP-0001,RAHMA Associates,2026-06-28 10:25:04
VAY BAND REALWUD3 (40MM),VAY BAND REALWUD3 (40MM),VAY BAND REALWUD3 (40MM),SUP-0001,RAHMA Associates,2026-06-28 10:25:04
VAY BAND REALWUD3 - 0.5X40MM,VAY BAND REALWUD3 - 0.5X40MM,VAY BAND REALWUD3 - 0.5X40MM,SUP-0001,RAHMA Associates,2026-06-28 10:25:04
VAY BAND1044MT 0.5MMX22,VAY BAND1044MT 0.5MMX22,VAY BAND1044MT 0.5MMX22,SUP-0001,RAHMA Associates,2026-06-28 10:25:04
VAY BAND10485 (0.8MMX22MM),VAY BAND10485 (0.8MMX22MM),VAY BAND10485 (0.8MMX22MM),SUP-0001,RAHMA Associates,2026-06-28 10:25:04
VAY BAND1113HG 2MMX22MM,VAY BAND1113HG 2MMX22MM,VAY BAND1113HG 2MMX22MM,SUP-0001,RAHMA Associates,2026-06-28 10:25:04
VAY BAND1113MT 2MMX22MM,VAY BAND1113MT 2MMX22MM,VAY BAND1113MT 2MMX22MM,SUP-0001,RAHMA Associates,2026-06-28 10:25:04
VAY BAND1114HG,VAY BAND1114HG,VAY BAND1114HG,SUP-0001,RAHMA Associates,2026-06-29 15:56:25
VAY BAND1126 (0.8MMX22MM),VAY BAND1126 (0.8MMX22MM),VAY BAND1126 (0.8MMX22MM),SUP-0001,RAHMA Associates,2026-06-28 10:25:04
VAY BAND1131 0.5X22MM,VAY BAND1131 0.5X22MM,VAY BAND1131 0.5X22MM,SUP-0001,RAHMA Associates,2026-06-28 10:25:04
VAY BAND1135 HG{.5},VAY BAND1135 HG{.5},VAY BAND1135 HG{.5},SUP-0001,RAHMA Associates,2026-06-28 10:25:04
VAY BAND1135MT 0.5X22MM,VAY BAND1135MT 0.5X22MM,VAY BAND1135MT 0.5X22MM,SUP-0001,RAHMA Associates,2026-06-28 10:25:04
VAY BAND1136MT0.5X22MM,VAY BAND1136MT0.5X22MM,VAY BAND1136MT0.5X22MM,SUP-0001,RAHMA Associates,2026-06-28 10:25:04
VAY BAND11510 2MMMX40MM,VAY BAND11510 2MMMX40MM,VAY BAND11510 2MMMX40MM,SUP-0001,RAHMA Associates,2026-06-28 10:25:04
VAY BAND1261HG 2MMX22MM,VAY BAND1261HG 2MMX22MM,VAY BAND1261HG 2MMX22MM,SUP-0001,RAHMA Associates,2026-06-28 10:25:04
VAY BAND1261MT 0.5MMX40MM,VAY BAND1261MT 0.5MMX40MM,VAY BAND1261MT 0.5MMX40MM,SUP-0001,RAHMA Associates,2026-06-28 10:25:04
VAY BANDREALWOOD3 2MMX22MM,VAY BANDREALWOOD3 2MMX22MM,VAY BANDREALWOOD3 2MMX22MM,SUP-0001,RAHMA Associates,2026-06-28 10:25:04
VB-1002 MT(0.45X22MM,VB-1002 MT(0.45X22MM,VB-1002 MT(0.45X22MM,SUP-0001,RAHMA Associates,2026-06-28 10:25:04
VB-1003 MT(0.45X22MM),VB-1003 MT(0.45X22MM),VB-1003 MT(0.45X22MM),SUP-0001,RAHMA Associates,2026-06-28 10:25:04
VB-1011 MT(0.45MMX22MM),VB-1011 MT(0.45MMX22MM),VB-1011 MT(0.45MMX22MM),SUP-0001,RAHMA Associates,2026-06-28 10:25:04
VB-1013 (0.45X22MM),VB-1013 (0.45X22MM),VB-1013 (0.45X22MM),SUP-0001,RAHMA Associates,2026-06-28 10:25:04
VB-1033 WHITE WOOD (0.45MMX22MM),VB-1033 WHITE WOOD (0.45MMX22MM),VB-1033 WHITE WOOD  (0.45MMX22MM),SUP-0001,RAHMA Associates,2026-06-28 10:25:04
VB-1037( 0.45X22MM),VB-1037( 0.45X22MM),VB-1037( 0.45X22MM),SUP-0001,RAHMA Associates,2026-06-28 10:25:04
VB-1044 (0.45MMX22MM),VB-1044 (0.45MMX22MM),VB-1044 (0.45MMX22MM),SUP-0001,RAHMA Associates,2026-06-28 10:25:04
VB-10450 (0.45X22MM),VB-10450 (0.45X22MM),VB-10450 (0.45X22MM),SUP-0001,RAHMA Associates,2026-06-28 10:25:04
VB-1048 (0.45X22MM),VB-1048 (0.45X22MM),VB-1048 (0.45X22MM),SUP-0001,RAHMA Associates,2026-06-28 10:25:04
VB-10485(0.45X22MM),VB-10485(0.45X22MM),VB-10485(0.45X22MM),SUP-0001,RAHMA Associates,2026-06-28 10:25:04
VB-10659 (0.45X22MM),VB-10659 (0.45X22MM),VB-10659 (0.45X22MM),SUP-0001,RAHMA Associates,2026-06-28 10:25:04
VB-10659 MT(0.8MMX40MM),VB-10659 MT(0.8MMX40MM),VB-10659 MT(0.8MMX40MM),SUP-0001,RAHMA Associates,2026-06-28 10:25:04
VB-1071 (0.45X22MM),VB-1071 (0.45X22MM),VB-1071  (0.45X22MM),SUP-0001,RAHMA Associates,2026-06-28 10:25:04
VB-1090 (0.45X22MM),VB-1090 (0.45X22MM),VB-1090 (0.45X22MM),SUP-0001,RAHMA Associates,2026-06-28 10:25:04
VB-10944(0.45X22MM),VB-10944(0.45X22MM),VB-10944(0.45X22MM),SUP-0001,RAHMA Associates,2026-06-28 10:25:04
VB-1113 MAT OFF-WHITE (0.45MMX22MM),VB-1113 MAT OFF-WHITE (0.45MMX22MM),VB-1113 MAT OFF-WHITE (0.45MMX22MM),SUP-0001,RAHMA Associates,2026-06-28 10:25:04
VB-1113MAT(0.8MMX40MM),VB-1113MAT(0.8MMX40MM),VB-1113MAT(0.8MMX40MM),SUP-0001,RAHMA Associates,2026-06-28 10:25:04
VB-1114 MAT (0.45MMX22MM),VB-1114 MAT (0.45MMX22MM),VB-1114 MAT (0.45MMX22MM),SUP-0001,RAHMA Associates,2026-06-28 10:25:04
VB-1114 MT (0.8MMX40MM),VB-1114 MT (0.8MMX40MM),VB-1114 MT (0.8MMX40MM),SUP-0001,RAHMA Associates,2026-06-28 10:25:04
VB-1115 (0.45X22MM),VB-1115 (0.45X22MM),VB-1115 (0.45X22MM),SUP-0001,RAHMA Associates,2026-06-28 10:25:04
VB-1117 (0.45X22MM),VB-1117 (0.45X22MM),VB-1117 (0.45X22MM),SUP-0001,RAHMA Associates,2026-06-28 10:25:04
VB-1118 (0.45X22MM),VB-1118 (0.45X22MM),VB-1118 (0.45X22MM),SUP-0001,RAHMA Associates,2026-06-28 10:25:04
VB-1119 (0.45X22MM),VB-1119 (0.45X22MM),VB-1119 (0.45X22MM),SUP-0001,RAHMA Associates,2026-06-28 10:25:04
VB-1119(0.5X40MM),VB-1119(0.5X40MM),VB-1119(0.5X40MM),SUP-0001,RAHMA Associates,2026-06-28 10:25:04
VB-1119(0.8MMX22MM),VB-1119(0.8MMX22MM),VB-1119(0.8MMX22MM),SUP-0001,RAHMA Associates,2026-06-28 10:25:04
VB-1119(0.8MMX40MM),VB-1119(0.8MMX40MM),VB-1119(0.8MMX40MM),SUP-0001,RAHMA Associates,2026-06-28 10:25:04
VB-1120 (0.45X22MM),VB-1120 (0.45X22MM),VB-1120 (0.45X22MM),SUP-0001,RAHMA Associates,2026-06-28 10:25:04
VB-1121 IVORY (0.45MMX22MM),VB-1121 IVORY (0.45MMX22MM),VB-1121 IVORY (0.45MMX22MM),SUP-0001,RAHMA Associates,2026-06-28 10:25:04
VB-1121 OAK(0.45X22MM),VB-1121 OAK(0.45X22MM),VB-1121 OAK(0.45X22MM),SUP-0001,RAHMA Associates,2026-06-28 10:25:04
VB-1122 (0.45X22MM),VB-1122 (0.45X22MM),VB-1122 (0.45X22MM),SUP-0001,RAHMA Associates,2026-06-28 10:25:04
VB-1122 VENGA( 0.45X22MM),VB-1122 VENGA( 0.45X22MM),VB-1122 VENGA( 0.45X22MM),SUP-0001,RAHMA Associates,2026-06-28 10:25:04
VB-1123 (0.45X22MM),VB-1123 (0.45X22MM),VB-1123 (0.45X22MM),SUP-0001,RAHMA Associates,2026-06-28 10:25:04
VB-1127 MT(0.45X22MM),VB-1127 MT(0.45X22MM),VB-1127 MT(0.45X22MM),SUP-0001,RAHMA Associates,2026-06-28 10:25:04
VB-1129 MAT(0.45MMX22MM),VB-1129 MAT(0.45MMX22MM),VB-1129 MAT(0.45MMX22MM),SUP-0001,RAHMA Associates,2026-06-28 10:25:04
VB-1131(O.45X22MM),VB-1131(O.45X22MM),VB-1131(O.45X22MM),SUP-0001,RAHMA Associates,2026-06-28 10:25:04
VB-1132(0.45X22MM),VB-1132(0.45X22MM),VB-1132(0.45X22MM),SUP-0001,RAHMA Associates,2026-06-28 10:25:04
VB-1135 SAGE GREEN (0.45X22),VB-1135 SAGE GREEN (0.45X22),VB-1135 SAGE GREEN (0.45X22),SUP-0001,RAHMA Associates,2026-06-28 10:25:04
VB-1140 BAGE (0.45MMX22MM),VB-1140 BAGE (0.45MMX22MM),VB-1140 BAGE (0.45MMX22MM),SUP-0001,RAHMA Associates,2026-06-28 10:25:04
VB-1141 {0.45X22MM},VB-1141 {0.45X22MM},VB-1141 {0.45X22MM},SUP-0001,RAHMA Associates,2026-06-28 10:25:04
VB-1143{0.45X2MM},VB-1143{0.45X2MM},VB-1143{0.45X2MM},SUP-0001,RAHMA Associates,2026-06-28 10:25:04
VB-1144 MT(0.45X22MM),VB-1144 MT(0.45X22MM),VB-1144 MT(0.45X22MM),SUP-0001,RAHMA Associates,2026-06-28 10:25:04
VB-11510(0.45X22MM),VB-11510(0.45X22MM),VB-11510(0.45X22MM),SUP-0001,RAHMA Associates,2026-06-28 10:25:04
VB-1261 MAT(0.45MMX22MM),VB-1261 MAT(0.45MMX22MM),VB-1261 MAT(0.45MMX22MM),SUP-0001,RAHMA Associates,2026-06-28 10:25:04
VB-1263HG(0.5MMX22MM),VB-1263HG(0.5MMX22MM),VB-1263HG(0.5MMX22MM),SUP-0001,RAHMA Associates,2026-06-28 10:25:04
VB-1291 ELECTRIC BLUE (0.45MMX22MM),VB-1291 ELECTRIC BLUE (0.45MMX22MM),VB-1291 ELECTRIC BLUE (0.45MMX22MM),SUP-0001,RAHMA Associates,2026-06-28 10:25:04
VB-1299 NAVY BLUE (0.45MMX22MM),VB-1299 NAVY BLUE (0.45MMX22MM),VB-1299 NAVY BLUE (0.45MMX22MM),SUP-0001,RAHMA Associates,2026-06-28 10:25:04
VB-1313MT(0.45MMX22MM),VB-1313MT(0.45MMX22MM),VB-1313MT(0.45MMX22MM),SUP-0001,RAHMA Associates,2026-06-28 10:25:04
VB-1401MT (0.45X22MM),VB-1401MT (0.45X22MM),VB-1401MT (0.45X22MM),SUP-0001,RAHMA Associates,2026-06-28 10:25:04
VB-1401MT(0.5MMX40MM),VB-1401MT(0.5MMX40MM),VB-1401MT(0.5MMX40MM),SUP-0001,RAHMA Associates,2026-06-28 10:25:04
VB-1698 {0.45X22MM},VB-1698 {0.45X22MM},VB-1698 {0.45X22MM},SUP-0001,RAHMA Associates,2026-06-28 10:25:04
VB-1803 ASH DARK(0.45MMX22MM),VB-1803 ASH DARK(0.45MMX22MM),VB-1803 ASH DARK(0.45MMX22MM),SUP-0001,RAHMA Associates,2026-06-28 10:25:04
VB-1804{0.45X22MM},VB-1804{0.45X22MM},VB-1804{0.45X22MM},SUP-0001,RAHMA Associates,2026-06-28 10:25:04
VB-1815 (0.45MMX22MM),VB-1815 (0.45MMX22MM),VB-1815 (0.45MMX22MM),SUP-0001,RAHMA Associates,2026-06-28 10:25:04
VB-1873 (0.45X22MM),VB-1873 (0.45X22MM),VB-1873 (0.45X22MM),SUP-0001,RAHMA Associates,2026-06-28 10:25:04
VB-19070(0.45MMX22MM),VB-19070(0.45MMX22MM),VB-19070(0.45MMX22MM),SUP-0001,RAHMA Associates,2026-06-28 10:25:04
VB-19071 (0.45X22MM),VB-19071 (0.45X22MM),VB-19071 (0.45X22MM),SUP-0001,RAHMA Associates,2026-06-28 10:25:04
VB-19074 (0.45X22MM),VB-19074 (0.45X22MM),VB-19074 (0.45X22MM),SUP-0001,RAHMA Associates,2026-06-28 10:25:04
VB-19079 (0.45X22MM),VB-19079 (0.45X22MM),VB-19079 (0.45X22MM),SUP-0001,RAHMA Associates,2026-06-28 10:25:04
VB-2011MT (0.45X22MM),VB-2011MT (0.45X22MM),VB-2011MT (0.45X22MM),SUP-0001,RAHMA Associates,2026-06-28 10:25:04
VB-2012 MT(0.45X22MM),VB-2012 MT(0.45X22MM),VB-2012 MT(0.45X22MM),SUP-0001,RAHMA Associates,2026-06-28 10:25:04
VB-2890 MT(0.45X22MM),VB-2890 MT(0.45X22MM),VB-2890 MT(0.45X22MM),SUP-0001,RAHMA Associates,2026-06-28 10:25:04
VB-2891-MT-WOOD-0.45*22,VB-2891-MT-WOOD-0.45*22,VB-2891-MT-WOOD-0.45*22,SUP-0001,RAHMA Associates,2026-06-28 10:25:04
VB-2892 MT(.45X22MM),VB-2892 MT(.45X22MM),VB-2892 MT(.45X22MM),SUP-0001,RAHMA Associates,2026-06-28 10:25:04
VB-2892 MT(.8X22MM),VB-2892 MT(.8X22MM),VB-2892 MT(.8X22MM),SUP-0001,RAHMA Associates,2026-06-28 10:25:04
VB-30029 (0.45MMX22MM),VB-30029 (0.45MMX22MM),VB-30029 (0.45MMX22MM),SUP-0001,RAHMA Associates,2026-06-28 10:25:04
VB-30034(0.45MMX22MM),VB-30034(0.45MMX22MM),VB-30034(0.45MMX22MM),SUP-0001,RAHMA Associates,2026-06-28 10:25:04
VB-30054(0.45MMX22MM),VB-30054(0.45MMX22MM),VB-30054(0.45MMX22MM),SUP-0001,RAHMA Associates,2026-06-28 10:25:04
VB-30072 (0.45MMX22MM),VB-30072 (0.45MMX22MM),VB-30072 (0.45MMX22MM),SUP-0001,RAHMA Associates,2026-06-28 10:25:04
VB-30086(0.45MMX22MM),VB-30086(0.45MMX22MM),VB-30086(0.45MMX22MM),SUP-0001,RAHMA Associates,2026-06-28 10:25:04
VB-30167 (0.45MMX22MM),VB-30167 (0.45MMX22MM),VB-30167 (0.45MMX22MM),SUP-0001,RAHMA Associates,2026-06-28 10:25:04
VB-30181(0.45MMX22MM),VB-30181(0.45MMX22MM),VB-30181(0.45MMX22MM),SUP-0001,RAHMA Associates,2026-06-28 10:25:04
VB-30216 (0.45X22MM),VB-30216 (0.45X22MM),VB-30216 (0.45X22MM),SUP-0001,RAHMA Associates,2026-06-28 10:25:04
VB-4013 (0.45MMX22MM),VB-4013 (0.45MMX22MM),VB-4013 (0.45MMX22MM),SUP-0001,RAHMA Associates,2026-06-28 10:25:04
VB-5063 (0.45X22MM),VB-5063 (0.45X22MM),VB-5063 (0.45X22MM),SUP-0001,RAHMA Associates,2026-06-28 10:25:04
VB-5095 (0.45X22MM),VB-5095 (0.45X22MM),VB-5095 (0.45X22MM),SUP-0001,RAHMA Associates,2026-06-28 10:25:04
VB-5171 (0.45X22MM),VB-5171 (0.45X22MM),VB-5171 (0.45X22MM),SUP-0001,RAHMA Associates,2026-06-28 10:25:04
VB-5373 (0.45X22MM),VB-5373 (0.45X22MM),VB-5373 (0.45X22MM),SUP-0001,RAHMA Associates,2026-06-28 10:25:04
VB-5375 SATURNO WALNUT(0.45MMX22MM),VB-5375 SATURNO WALNUT(0.45MMX22MM),VB-5375 SATURNO WALNUT(0.45MMX22MM),SUP-0001,RAHMA Associates,2026-06-28 10:25:04
VB-5465 (0.45X22MM),VB-5465 (0.45X22MM),VB-5465 (0.45X22MM),SUP-0001,RAHMA Associates,2026-06-28 10:25:04
VB-5550 (0.45MMX22MM),VB-5550 (0.45MMX22MM),VB-5550 (0.45MMX22MM),SUP-0001,RAHMA Associates,2026-06-28 10:25:04
VB-5550(0.5MMX40MM),VB-5550(0.5MMX40MM),VB-5550(0.5MMX40MM),SUP-0001,RAHMA Associates,2026-06-28 10:25:04
VB-5771 (0.45X22MM),VB-5771 (0.45X22MM),VB-5771 (0.45X22MM),SUP-0001,RAHMA Associates,2026-06-28 10:25:04
VB-5772 (0.45MMX22MM),VB-5772 (0.45MMX22MM),VB-5772 (0.45MMX22MM),SUP-0001,RAHMA Associates,2026-06-28 10:25:04
VB-REALWOOD2 (0.45X22MM),VB-REALWOOD2 (0.45X22MM),VB-REALWOOD2 (0.45X22MM),SUP-0001,RAHMA Associates,2026-06-28 10:25:04
VB-REALWOOD3 (0.45X22MM),VB-REALWOOD3 (0.45X22MM),VB-REALWOOD3 (0.45X22MM),SUP-0001,RAHMA Associates,2026-06-28 10:25:04
VB-REALWUD 0.45X22MM,VB-REALWUD 0.45X22MM,VB-REALWUD 0.45X22MM,SUP-0001,RAHMA Associates,2026-06-28 10:25:04
VB1085 BLACK MT(0.45MMX22MM),VB1085 BLACK MT(0.45MMX22MM),VB1085 BLACK MT(0.45MMX22MM),SUP-0001,RAHMA Associates,2026-06-28 10:25:04
